{
  "drive": {
    "p": 0.00200000,
    "i": 0,
    "d": 0.02,
    "f": 0,
    "iz": 0
  },
  "angle": {
    "p": 0.0020345,
    "i": 0,
    "d": 0,
    "f": 0,
    "iz": 0
  }
}